AAR,Aarhus,Denmark
ABD,Abadan,Iran
AEH,Abeche,Chad
ABZ,Aberdeen,United Kingdom
ABR,"Aberdeen, SD",USA
ABJ,Abidjan,Ivory Coast
ABI,"Abilene, TX",USA
AUH,Abu Dhabi,UAE
ABV,Abuja International,Nigeria
AUE,Abu Rudeis,Egypt
ABS,Abu Simbel,Egypt
ACA,Acapulco,Mexico
ACC,Accra,Ghana
ADA,Adana,Turkey
ADD,Addis Ababa,Ethiopia
ADL,Adelaide,Australia
ADE,Aden,Yemen
AER,Adler/Sochi,Russia
AJY,Agades,Niger
AGA,Agadir,Morocco
SUM,Agana,Guam
AGZ,Aggeneys,South Africa
BQN,Aguadilla,Puerto Rico
AGU,Aguascaliente,Mexico
AMD,Ahmedabad,India
AJA,Ajaccio,France
AXT,Akita,Japan
CAK,"Akron, OH",USA
AKT,Akrotiri - RAF,Cyprus
ADX,Aktyubinsk,Kazakhstan
AAN,Al Ain,United Arab Emirates
AAC,Al Arish,Egypt
ALH,Al Arish,Egypt
ABY,Albany,Australia
ALB,"Albany, GA",USA
LBI,"Albany, NY",USA
AAL,Albi,France
ABQ,Alborg,Denmark
ABX,"Albuquerque, NM",USA
AES,Albury,Australia
ALJ,Alesund,Norway
ALY,Alexander Bay,South Africa
ESF,"Alexandria, El Nhouza Airport",Egypt
FJR,"Alexandria, La",USA
AHO,Alfujairah (Fujairah),UAE
ALG,Alghero Sassari,Italy
AHU,Algiers,Algeria
ALC,Al Hoceima,Morocco
ASP,Alicante,Spain
ADY,Alice Springs,Australia
ABE,Alldays,South Africa
ALA,"Allentown, PA",USA
LEI,Alma Ata,Kazakhstan
ALP,Almeria,Spain
ALF,Aleppo,Syria
ACH,Alta,Norway
AOO,Altenrhein,Switzerland
ASJ,"Altoona, PA",USA
AMA,Amami,Japan
AMM,"Amarillo, TX",USA
ADJ,"Amman, Queen Alia Intl",Jordan
ATQ,"Amman, Civil - Marka Airport",Jordan
AMS,Amritsar,India
QNB,"Amsterdam, Schiphol",Netherlands
ANC,Anand,India
AOI,"Anchorage, AK",USA
ALV,Ancona,Italy
AXA,Andorra La Vella H/P,Andorra
AJN,Anguilla,Anguilla
ANK,Anjouan,Comoros (Comores)
AAE,Ankara,Turkey
ARB,Annaba,Algeria
NCY,"Ann Arbor, MI",USA
ANB,Annecy,France
AYT,"Anniston, AL",USA
TNR,Antalya,Turkey
ANU,Antananarivo (Tanannarive),Madagascar
ANR,Antigua,Antigua
AOJ,Antwerp,Belgium
APW,Aomori,Japan
ATW,Apia,Samoa
AQJ,"Appelton/Neenah/Menasha, WI",USA
AJU,Aqaba,Jordan
ARH,Aracaju,Brazil
ARK,Arkhangelsk,Russian Federation
GPA,Arusha,Tanzania
RLT,Araxos,Greece
AXS,Arlit,Niger
ACE,Armenia,Colombia
AUA,Arrecife/Lanzarote,Spain
AVL,Aruba,Aruba
ASB,"Asheville, NC",USA
ASE,"Ashgabat, Ashkhabat",Turkmenistan
ATZ,"Aspen Snowmass, CO",USA
TSE,Assiut,Egypt
ASU,Astana,Kazakstan
ASW,Asuncion,Paraguay
ATH,"Aswan, Daraw Airport",Egypt
HEW,Athens,Greece
AHN,"Athens, Hellinikon Airport",Greece
ATO,"Athens, GA",USA
ATL,"Athens, OH",USA
ACY,"Atlanta, Hartsfield Atlanta Int'l Airport",USA
YAT,"Atlantic City, NJ",USA
AKL,"Attawapiskat, NT",Canada
AGB,Auckland,New Zealand
AGS,Augsburg,Germany
AUG,"Augusta, GA",USA
AUR,"Augusta, ME",USA
AUS,Aurillac,France
AYQ,"Austin, TX",USA
AYR,Ayers Rock,Australia
BJZ,Ayr,Australia
BGW,Badajoz,Spain
SDA,"Bagdad, Al Muthana",Iraq
IXB,"Bagdad, Saddam International",Iraq
BHV,Bagdogra,India
BAH,Bahawalpur,Pakistan
BFL,Bahrain,Bahrain
BAK,"Bakersfield, CA",USA
BNK,Baku,Azerbaijan
BWI,Ballina,Australia
ABM,Baltimore Washington Int'l Airport; MD,USA
BKO,Bamaga,Australia
BBY,Bamako,Mali
BWN,Bambari,Central African Republic
BLR,Bandar Seri Begawan,Brunei
BGU,Bangalore,India
BKK,Bangassou,Central African Republic
BGR,Bangkok,Thailand
BGF,"Bangor, ME",USA
BJL,Bangui,Central African Republic
BNP,Banjul,Gambia
BCN,Bannu,Pakistan
BLA,Barcelona,Spain
BDU,Barcelona,Venezuela
BRI,Bardufoss,Norway
BZL,Bari,Italy
BDQ,Barisal,Bangladesh
BAQ,Baronda,India
BSL,Barranquilla,Colombia
EAP,Basel,Switzerland
BSR,Basel/Mulhouse,Switzerland/France
BIA,"Basra, Basrah",Iraq
BTR,Bastia,France
BYU,"Baton Rouge, La",USA
BPT,Bayreuth,Germany
BKW,"Beaumont/Pt. Arthur, TX",USA
EIS,"Beckley, WV",USA
PEK,Beef Island,"Virgin Islands, British"
NAY,Beijing,China
BEW,Beijing - Nanyuan Airport,China
BEY,Beira,Mozambique
BEL,Beirut,Lebanon
BHD,Belem,Brazil
BFS,Belfast - Harbour,United Kingdom
IXG,Belfast International,United Kingdom
BEG,Belgaum,India
BZE,Belgrad (Beograd),Yugoslavia
BLI,Belize City,Belize
CNF,"Bellingham, WA",USA
BJI,Belo Horizonte,Brazil
BEN,"Bemidji, MN",USA
BUG,Bengasi,Libya
BEH,Bengueka,Angola
BBT,"Benton Harbour, MI",USA
BGY,Berberati,Central African Republic
BGO,Bergamo,Italy
BER,Bergen,Norway
SXF,Berlin,Germany
TXL,"Berlin, Schoenefeld",Germany
THF,"Berlin, Tegel",Germany
BDA,"Berlin, Tempelhof",Germany
BRN,Bermuda,Bermuda
ZDJ,Bern,Switzerland
BET,Bern,Switzerland
BHO,"Bethel, AK",USA
BBI,Bhopal,India
BIQ,Bhubaneswar,India
BIO,Biarritz,France
BIL,Bilbao,Spain
BLL,"Billings, MT",USA
BTU,Billund,Denmark
IRO,Bintulu,Malaysia
BHX,Biraro,Central African Republic
BHM,Birmingham,United Kingdom
BIS,"Birmingham, AL",USA
BXO,"Bismarck/Mandan, ND",USA
BLT,Bissau,Guinea Bissau
BLZ,Blackwater,Australia
BHE,Blantyre,Malawi
BFN,Blenheim,New Zealand
BMI,Bloemfontein,South Africa
BMG,"Bloomington, IL",USA
BLF,"Bloomington, IN",USA
BVB,"Bluefield, WV",USA
BOY,Boa Vista,Brazil
BOO,Bobo/Dioulasso,Burkina Faso
BOG,Bodo,Norway
BOI,Bogota,Colombia
BLQ,"Boise, ID",USA
BOM,Bologna,Italy
BON,Bombay,India
YVB,Bonaire,Netherlands Antilles
BOB,"Bonaventure, PQ",Canada
BOD,Bora Bora,French Polynesia
HBH,Bordeaux,France
BXS,Borg El Arab Airport,Egypt
BOS,"Borrego Springs, CA",USA
BYK,"Boston - Logan, MA",USA
BOJ,Bouake,Ivory Coast
ZBO,Bourgas/Burgas,Bulgaria
BZN,Bowen,Australia
BFD,"Bozeman, MT",USA
BRD,"Bradford/Warren, PA/Olean, NY",USA
BMP,"Brainerd, MN",USA
BSB,Brampton Island,Australia
BTS,Brasilia,Brazil
BZV,Bratislava,Slovakia
BRE,Brazzaville,Congo
VBS,Bremen,Germany
BES,"Brescia, Montichiari",Italy
BIV,Brest,France
BDR,Bria,Central African Republic
BGI,"Bridgeport, CT",USA
BDS,"Bridgetown, Grantley Adams Int'l",Barbados
BNE,Brindisi,Italy
BRS,Brisbane,Australia
BNN,Bristol,United Kingdom
BHQ,Broennoeysund,Norway
BKX,Broken Hill,Australia
BME,"Brookings, SD",USA
BQK,Broome,Australia
BRU,"Brunswick, GA",USA
BGA,Brussels,Belgium
BUD,Bucaramanga,Colombia
BUE,"Budapest, Ferihegy",Hungary
EZE,Buenos Aires,Argentina
AEP,"Buenos Aires, Ezeiza Int'l Airport",Argentina
BFO,"Buenos Aires, Jorge Newbery",Argentina
BUF,Buffalo Range,Zimbabwe
BJM,"Buffalo/Niagara Falls, NY",USA
BUH,Bujumbura,Burundi
OTP,Bucharest,Romania
BUQ,"Bucharest, Otopeni",Romania
BHC,Bulawayo,Zimbabwe
BDB,"Bullhead City, NV",USA
BUR,Bundaberg,Australia
BRL,"Burbank, CA",USA
BTV,"Burlington, IA",USA
BWT,"Burlington, VT",USA
BTM,Burnie (Wynyard),Australia
CAB,"Butte, MT",USA
CAG,Cabinda,Angola
CNS,Cagliari,Italy
CAI,Cairns,Australia
CCU,Cairo Int'l,Egypt
KMQ,Calcutta (Kolkata) - Netaji Subhas Chandra,India
YYC,Komatsu,Japan
CLO,Calgary/Banff,Canada
CCJ,Cali,Colombia
CLY,Calicut,India
YCB,Calvi,France
CBG,Cambridge Bay,Canada
CGR,Cambrigde,United Kingdom
CBR,Campo Grande,Brazil
CUN,Canberra,Australia
CPT,Cancun,Mexico
CCS,Cape Town,South Africa
CWL,Caracas,Venezuela
CLD,Cardiff,United Kingdom
CVQ,"Carlsbad, CA",USA
CRF,Carnarvon,Australia
LRM,Carnot,Central African Republic
CAS,Casa de Campo/La Romana,Dominican Republic
CMN,Casablanca,Morocco
CSI,"Casablanca, Mohamed V",Morocco
CPR,Casino,Australia
CTG,"Casper, WY",USA
CTA,Catagena,Colombia
CAY,Catania,Italy
CBU,Cayenne,French Guayana
CDC,Cebu,Philippines
CID,"Cedar City, UT",USA
CED,"Cedar Rapids, IA",USA
CES,Ceduna,Australia
KHV,Cessnock,Australia
CMF,Chabarovsk (Khabarovsk),Russia
CMI,Chambery,France
IXC,"Champaign, IL",USA
CGQ,Chandigarh,India
CHQ,Changchun,"Jilin, China"
CHS,Chania,Greece
CRW,"Charleston, SC",USA
CLT,"Charleston, WV",USA
CHO,"Charlotte, NC",USA
CXT,"Charlottesville, VA",USA
CHA,Charters Towers,Australia
CTU,"Chattanooga, TN",USA
MAA,Chengdu,"Sichuan, China"
CYS,Chennai (Madras),India
CNX,"Cheyenne, WY",USA
QCB,Chiang Mai,Thailand
MDW,Chiba City,Japan
ORD,"Chicago, Midway, IL",USA
CHI,"Chicago O'Hare Int'l Airport, IL",USA
CZA,"Chicago, IL",USA
CIC,Chichen Itza,Mexico
CUU,"Chico, CA",USA
JKH,"Chihuahua, Gen Fierro Villalobos",Mexico
CIP,Chios,Greece
HTA,Chipata,Zambia
CTS,Chita (Tschita),Russia
CJL,Chitose,Japan
CGP,Chitral,Pakistan
CKG,Chittagong,Bangladesh
CHC,Chongqing,"Sichuan, China"
CXI,Christchurch,New Zealand
CCZ,Christmas Line,Iceland
YYQ,Chub Cay,Bahamas
CFG,Churchill,Canada
CVG,Cienfuegos,Canada
CME,"Cincinnati, OH",USA
CJS,Ciudad Del Carmen,Mexico
CEN,Ciudad Juarez,Mexico
CVM,Ciudad Obregon,Mexico
CKB,Ciudad Victoria,Mexico
CMQ,"Clarksburg, WV",USA
CFE,Clermont,Australia
BKL,Clermont Ferrand,France
CLE,"Cleveland, Burke Lakefront, OH",USA
CBB,"Cleveland, Hopkins, OH",USA
COK,Cochabamba,Bolivia
COD,Cochin,India
KCC,"Cody/Powell/Yellowstone, WY",USA
CFS,"Coffmann Cove, AK",USA
CJB,Coffs Harbour,Australia
CLQ,Coimbatore,India
CLL,Colima,Mexico
KCE,"College Station/Bryan, TX",USA
CGN,Collinsville,Australia
CMB,Cologne (Koeln)/Bonn,Germany
COS,Colombo,Sri Lanka
CAE,"Colorado Springs, CO",USA
CSG,"Columbia, SC",USA
CMH,"Columbus, GA",USA
CKY,"Columbus, OH",USA
CCR,Conakry,Guinea
CZL,"Concord, CA",USA
CND,Constantine,Algeria
CPD,Constanza,Romania
CTN,Coober Pedy,Australia
OOM,Cooktown,Australia
CPH,Cooma,Australia
COR,Copenhagen,Denmark
ODB,Cordoba,Argentina
CDV,Cordoba,Spain
CFU,"Cordova, AK",USA
ORK,Corfu,Greece
CRP,Cork,Ireland
COO,"Corpus Christi, TX",USA
CZM,Cotonou,Benin
CGA,Cozmel,Mexico
CEC,"Craig, AK",USA
CGB,"Crescent City, CA",USA
CUL,Cuiaba,Brazil
CUR,Culiacan,Mexico
CWB,Curacao,Netherlands Antilles
DKR,Curitiba,Brazil
DLM,Dakar,Senegal
DBY,Dalaman,Turkey
DLC,Dalby,Australia
DAL,Dalian,"Liaoning, China"
DFW,"Dallas, Love Field, TX",USA
DJO,"Dallas/Ft. Worth, TX",USA
DAM,Daloa,Ivory Coast
DMM,"Damascus, International",Syria
DAN,"Dammam, King Fahad Int'l",Saudi Arabien
DAR,"Danville, VA",USA
DRW,Dar es Salam (Daressalam),Tanzania
DDI,Darwin,Australia
DAY,Daydream Island,Australia
DAB,"Dayton, OH",USA
DEC,"Daytona Beach, FL",USA
YDF,"Decatur, IL",USA
DEL,Deer Lake/Corner Brook,Canada
HAG,"Delhi, Indira Gandhi",India
DPS,Den Haag (The Hague),Netherlands
DEN,Denpasar/Bali,Indonesia
DSK,"Denver International Airport, CO",USA
DRB,Dera Ismail Khan,Pakistan
EMA,Derby,Australia
LDY,Derby (East Midlands),United Kingdom
DSM,Derry (Londonderry),United Kingdom
DET,"Des Moines, IA",USA
DTW,"Detroit City, MI",USA
DTT,"Detroit Metropolitan Wayne County Airport, MI",USA
DVL,"Detroit Metropolitan Area, MI",USA
DPO,"Devils Lake, ND",USA
DHA,Devonport,Australia
DAC,Dhahran,Saudi Arabia
DLG,Dhaka,Bangladesh
DNR,"Dillingham, AK",USA
DJE,Dinard,France
JIB,Djerba,Tunisia
DOH,Djibouti,Djibouti
DCS,Doha,Qatar
DGM,"Doncaster, Robin Hood Int'l Airport",UK
DTM,Dongguan,"Guangdong, China"
DHN,Dortmund,Germany
DLA,"Dothan, AL",USA
DRS,Douala,Cameroon
DXB,Dresden,Germany
DBO,Dubai,UAE
DUB,Dubbo,Australia
DUJ,Dublin,Ireland
DBV,"Dubois, PA",USA
DBQ,Dubrovnik,Croatia (Hrvatska)
DUS,"Dubuque, IA",USA
DLH,Duesseldorf,Germany
DUD,"Duluth, MN/Superior, WI",USA
DKI,Dunedin,New Zealand
DRO,Dunk Iceland,Australia
DUR,"Durango, CO",USA
DYU,Durban,South Africa
DUT,Dushanbe (Duschanbe),Tadschikistan
DYA,"Dutch Harbor, AK",USA
DZA,Dysart,Australia
ELS,Dzaoudzi,Mayotte
IPC,East London,South Africa
EAU,Easter Island,Chile
EDI,"Eau Clarie, WI",USA
YEA,Edinburgh,United Kingdom
YEG,Edmonton,Canada
YXD,"Edmonton, International",Canada
EGS,"Edmonton, Municipal",Canada
EIN,Egilsstadir,Iceland
ELP,Eindhoven,Netherlands
ETH,"El Paso, TX",USA
VDA,Elat,Israel
EKI,"Elat, Ovula",Israel
EKO,"Elkhart, IN",USA
ELL,"Elko, NV",USA
EMY,Ellisras,South Africa
ELM,El Minya,Egypt
ELY,"Elmira, NY",USA
EDR,"Ely, NV",USA
EMD,Emerald,Australia
ENF,Emerald,Australia
EBB,Enontekioe,Finland
ERF,Entebbe,Uganda
ERI,Erfurt,Germany
EVN,"Erie, PA",USA
EBJ,"Eriwan (Yerevan, Jerevan)",Armenia
ESC,Esbjerg,Denmark
EPR,"Escabana, MI",USA
EUG,Esperance,Australia
ACV,"Eugene, OR",USA
EVV,"Eureka, CA",USA
EVE,"Evansville, IN",USA
FAI,Evenes,Norway
LYP,"Fairbanks, AK",USA
FAR,Faisalabad,Pakistan
FMN,"Fargo, ND, MN",USA
FAO,"Farmington, NM",USA
FAE,Faro,Portugal
FYV,Faroer,Denmark
FAY,"Fayetteville, AR",USA
FEZ,"Fayetteville/Ft. Bragg, NC",USA
FSC,Fes,Morocco
FLG,Figari,France
YFO,"Flagstaff, AZ",USA
FNT,Flin Flon,Canada
FLR,"Flint, MI",USA
FLO,Florence,Italy
FLN,"Florence, SC",USA
FRO,Florianopolis,Brazil
YFA,Floro,Norway
FDF,Fort Albert,Canada
FOD,Fort de France,Martinique
FHU,"Fort Dodge, IA",USA
FLL,"Fort Huachuca/Sierra Vista, AZ",USA
YMM,"Fort Lauderdale/Hollywood, FL",USA
FMY,Fort McMurray,Canada
RSW,"Fort Myers, Metropolitan Area, FL",USA
YSM,"Fort Myers, Southwest Florida Reg, FL",USA
FSM,Fort Smith,Canada
YXJ,"Fort Smith, AR",USA
VPS,Fort St. John,Canada
FWA,"Fort Walton Beach, FL",USA
FOR,"Fort Wayne, IN",USA
FRW,Fortaleza,Brazil
FRA,Francistown,Botswana
HNN,Frankfurt/Main Int'l Airport,Germany
FKL,Frankfurt/Hahn,Germany
YFC,"Franklin/Oil City, PA",USA
FPO,Fredericton,Canada
FNA,Freeport,Bahamas
FRJ,Freetown,Sierra Leone
FAT,Frejus,France
FDH,"Fresno, CA",USA
FUE,Friedrichshafen,Germany
FUK,Fuerteventura,Spain
FKS,"Fujairah, Int'l Airport",United Arab Emirates
FNC,Fukuoka,Japan
FUT,"Fukushima-shi, Fukushima Airport",Japan
GBE,Funchal,Portugal
GAD,Futuna,Wallis and Futuna Islands
GNV,Gaborone,Botswana
GWY,"Gadsden, AL",USA
YQX,"Gainesville, FL",USA
GOU,Galway,Ireland
GDN,Gander,Canada
GEX,Garoua,Cameroon
GVA,Gdansk,Poland
GOA,Geelong,Australia
GRJ,Geneva,Switzerland
GEO,Genoa,Italy
GET,George,South Africa
GRO,Georgetown,Guyana
GIB,Geraldton,Australia
GCC,Gerona,Spain
GIL,Gibraltar,Gibraltar
YGX,"Gilette, WY",USA
GLT,Gilgit,Pakistan
PIK,Gillam,Canada
GLA,Gladstone,Australia
GGW,"Glasgow, Prestwick",United Kingdom
GDV,Glasgow,United Kingdom
GOI,"Glasgow, MT",USA
GYN,"Glendive, MT",USA
OOL,Goa,India
GOO,Goiania,Brazil
YYR,Gold Coast,Australia
GOZ,Goondiwindi,Australia
GOT,Goose Bay,Canada
GOV,Gorna,Bulgaria
GHB,Goteborg,Sweden
GRX,Gove (Nhulunbuy),Australia
GBI,Govenors Harbour,Bahamas
GCN,Granada,Spain
GCM,Grand Bahama,Bahamas
GFK,"Grand Canyon, AZ",USA
GJT,Grand Cayman,Cayman Islands
GRR,"Grand Forks, ND",USA
GPZ,"Grand Junction, CO",USA
GRZ,"Grand Rapids, MI",USA
GTF,"Grand Rapids, MN",USA
GKL,Graz,Austria
GRB,"Great Falls, MT",USA
LWB,Great Keppel Island,Australia
GSO,"Green Bay, WI",USA
GLH,"Greenbrier/Lewisburg, WV",USA
PGV,"Greensboro/Winston Salem, NC",USA
GSP,"Greenville, MS",USA
GND,"Greenville, NC",USA
GNB,"Greenville/Spartanburg, SC",USA
GFF,Grenada,Grenada
GTE,Grenoble,France
GTI,Griffith,Australia
GON,Groote Eyeland,Australia
GDL,Groote Eylandt,Australia
GSI,"Groton/New London, CT",USA
GUM,Guadalajara,Mexico
CAN,Guadalcanal,Solomon Islands
GRU,Guam,Guam
GUA,Guangzhou (Canton) - Baiyun (White Cloud),"Guangdong, China"
GYE,Guarulhos Int'l - Sao Paulo,Brazil
GCI,Guatemala City,Guatemala
GPT,Guayaquil,Ecuador
ULU,Guernsey,United Kingdom
GUC,"Gulfport/Biloxi, MS",USA
GAU,Gulu,Uganda
GWD,"Gunnison/Crested Butte, CO",USA
GWE,Guwahati,India
GYP,Gwadar,Pakistan
HAC,Gweru,Zimbabwe
HFA,Gympie,Australia
HNS,Hachijo Jima,Japan
HKD,Haifa,Israel
YHZ,"Haines, AK",USA
YUX,Hakodate,Japan
HAM,Halifax Int'l,Canada
HLT,Hall Beach,Canada
YHM,Hamburg - Fuhlsbuettel,Germany
HTI,Hamilton,Australia
HFT,Hamilton,Canada
CMX,Hamilton Island,Australia
HGH,Hammerfest,Norway
HAJ,"Hancock, MI",USA
HAN,Hangchow (Hangzhou),"Zhejiang, China"
HRE,Hannover,Germany
HRB,Hanoi - Noibai,Viet Nam
HRL,Harare,Zimbabwe
YHR,Harbin (Haerbin),"Heilongjiang, China"
HAR,"Harlington/South Padre Island, TX",USA
MDT,"Harrington Harbour, PQ",Canada
BDL,"Harrisburg, PA - Harrisburg Skyport",USA
HDY,"Harrisburg, PA - Harrisburg Int'l",USA
HAU,"Hartford, CT/Springfield, MA",USA
HAV,Hatyai (Hat Yai),Thailand
HVR,Haugesund,Norway
HIS,Havana - José Martí Int'l,Cuba
HLN,"Havre, MT",USA
JHE,Hayman Island,Australia
HEL,"Helena, MT",USA
HER,Helsingborg,Sweden
HMO,Helsinki - Vantaa,Finland
HVB,Heraklion,Greece
HIB,Hermosillo - Gen. Pesqueira Garcia,Mexico
HKY,Hervey Bay,Australia
ITO,"Hibbing, MN",USA
HHH,"Hickory, NC",USA
HNK,"Hilo, HI",USA
HIJ,"Hilton Head Island, SC",USA
SGN,Hinchinbrook Island,Australia
HBA,Hiroshima International,Japan
HOQ,Ho Chi Minh City (Saigon),Viet Nam
HOG,Hobart,Australia
HMH,Hof,Germany
HOM,Holguin,Cuba
HKG,Home Hill,Australia
ZJK,"Homer, AK",USA
HIR,Hong Kong - Int'l Airport (HKIA),Hong Kong
HNL,Hong Kong - Chek Lap Kok,Hong Kong
HNH,Honiara Henderson Int'l,Solomon Islands
HOR,"Honolulu, HI",USA
HOU,"Hoonah, AK",USA
IAH,Horta,Portugal
HUH,"Houston, Hobby, TX",USA
HUX,"Houston, Intercontinental, TX",USA
HUI,Huahine,French Polynesia
HUY,Huatulco,Mexico
HTS,Hue - Phu Bai,Viet Nam
HSV,Humberside,United Kingdom
HRG,"Huntington, OH",USA
HON,"Huntsville, AL",USA
HWN,Hurghada Int'l,Egypt
HYA,"Huron, SD",USA
HYG,Hwange National Park,Zimbabwe
HYD,"Hyannis, MA",USA
HDD,"Hydaburg, AK",USA
IBZ,Hyderabad - Begumpet,India
IDA,Hyderabad,Pakistan
IGR,Ibiza,Ibiza/Spain
ILP,"Idaho Falls, ID",USA
IOU,"Iguazu, Cataratas",Argentina
ILI,Ile des Pins,New Caledonia
IPL,Ile Ouen,New Caledonia
IVC,"Iliamna, AK",USA
ICN,"Imperial, CA",USA
IND,Incercargill,New Zealand
IGH,"Incheon, Incheon Int'l Airport",Korea South
IFL,"Indianapolis, IN",USA
INN,Ingham,Australia
INL,Innisfail,Australia
YEV,Innsbruck - Kranebitten,Austria
INV,"International Falls, MN",USA
IYK,Inuvik,Canada
YFB,Invercargill,New Zealand
IQT,Inverness,United Kingdom
IKT,"Inykern, CA",USA
LSG,Iqaluit (Frobisher Bay),Canada
ISB,Iquitos,Peru
IOM,Irkutsk,Russia
IST,Ishigaki,Japan
ITH,Islamabad - Islamabad Int'l,Pakistan
IVL,Isle of Man,United Kingdom
ZIH,Istanbul - Ataturk,Turkey
IZM,"Ithaca/Cortland, NY",USA
JAC,Ivalo,Finland
JXN,Ixtapa/Zihuatenejo,Mexico
JAN,Izmir,Turkey
MKL,"Jackson Hole, WY",USA
JAX,"Jackson, MI",USA
OAJ,"Jackson, MS",USA
JAG,"Jackson, TN",USA
JAI,"Jacksonville, FL",USA
HLP,"Jacksonville, NC",USA
JKT,Jacobabad,Pakistan
CGK,Jaipur - Sanganeer,India
JLR,Jakarta - Halim Perdanakusma,Indonesia
JMS,Jakarta - Kemayoran,Indonesia
JHW,Jakarta - Soekarno-Hatta,Indonesia
IXW,Jalandhar,India
JED,"Jamestown, ND",USA
XRY,"Jamestown, NY",USA
JER,Jamshedpur - Sonari,India
JRS,Jeddah - King Abdulaziz Int'l,Saudi Arabia
TNA,Jerez de la Frontera/Cadiz,Spain
JIW,Jersey,United Kingdom
JCB,Jerusalem,Israel
JPA,Jinan,"Shandong, China"
JKG,Jiwani,Pakistan
JOE,Joacaba,Brazil
JNB,Joao Pessoa - Castro Pinto,Brazil
JST,Joenkoeping,Sweden
JHB,Joensuu,Finland
JLN,Johannesburg - Johannesburg Int'l,South Africa
GJN,"Johnstown, PA",USA
JNU,Johore Bahru,Malaysia
JYV,"Joplin, MO",USA
KBL,Jounieh,Lebanon
KOJ,"Juneau, AK - Juneau Int'l",USA
OGG,Jyvaeskylae,Finland
KAJ,Kabul - Khwaja Rawash,Afghanistan
KLX,Kagoshima,Japan
AZO,"Kahului, HI",USA
KGI,Kajaani,Finland
FCA,Kalamata,Greece
KLR,"Kalamazoo/Battle Creek, MI",USA
KAN,Kalgoorlie,Australia
MUE,"Kalispell, MT",USA
QJU,Kalmar,Sweden
MCI,Kano,Nigeria
KHH,"Kamuela, HI",USA
JHM,Kanpur,India
KHI,"Kansas City, MO - Int'l",USA
FKB,Kaohsiung Int'l,Taiwan
KSD,"Kapalua West, HI",USA
AOK,Karachi - Quaid-E-Azam Int'l,Pakistan
KTA,Karlsruhe-Baden - Soellingen,Germany
KRB,Karlstad,Sweden
KRP,Karpathos,Greece
ZKE,Karratha,Australia
KSL,Karumba,Australia
KTR,Karup,Denmark
KTM,"Kaschechawan, PQ",Canada
MPA,Kassala,Sudan
KHJ,Katherine,Australia
MKK,Kathmandu - Tribhuvan,Nepal
KVA,Katima Mulilo/Mpacha,Namibia
KZN,Kauhajoki,Finland
KMP,"Kaunakakai, HI",USA
YLW,Kavalla,Greece
KEM,Kazan (Ka San),Russia
ZNS,Keetmanshoop,Namibia
ENA,"Kelowna, BC",Canada
KIR,Kemi/Tornio,Finland
KTN,Kempten,Germany
EYW,"Kenai, AK",USA
AHB,Kerry County,Ireland
UVL,"Ketchikan, AK",USA
KRT,"Key West, FL",USA
KDD,Khamis Mushayat,Saudi Arabia
KEL,Kharga - New Valley,Egypt
KBP,Khartoum,Sudan
IEV,Khuzdar,Pakistan
KGL,Kiel - Holtenau,Germany
JRO,Kiev - Borispol,Ukraine
ILE,Kiev - Zhulhany,Ukraine
KIM,Kigali - Gregoire Kayibanda,Rwanda
KNS,Kilimadjaro,Tanzania
AKN,"Killeem, TX",USA
KGC,Kimberley,South Africa
KIN,King Island,King Island
ISO,"King Salomon, AK",USA
FIH,Kingscote,Australia
KKN,Kingston - Norman Manley,Jamaica
KIK,"Kingston, NC",USA
KRN,Kinshasa - N'Djili,Congo (Zaire)
FKI,Kirkenes,Norway
KTT,Kirkuk,Iraq
KIW,Kiruna,Sweden
KLU,Kisangani,Zaire
LMT,Kittilä,Finland
KLW,Kitwe,Zambia
KLZ,Klagenfurt,Austria
NOC,"Klamath Fall, OR",USA
TYS,"Klawock, AK",USA
UKB,Kleinsee,South Africa
KCZ,Knock,Ireland
ADQ,"Knoxville, TN",USA
OHT,Kobe,Japan
KOK,Kochi,Japan
KOA,"Köln, Köln/Bonn",Germany
HGO,"Kodiak, AK",USA
KGS,Kohat,Pakistan
BKI,Kokkola/Pietarsaari,Finland
OTZ,Kolkata (Calcutta) - Netaji Subhas Chandra,India
KWM,"Kona, HI",USA
KRK,Korhogo,Ivory Coast
KRS,Kos,Greece
KID,Kota Kinabalu,Malaysia
KSU,"Kotzbue, AK",USA
KUB,Kowanyama,Australia
KUL,Krakau,Poland
SZB,Kristiansand,Norway
KUA,Kristianstad,Sweden
KCH,Kristiansund,Norway
KMJ,Kuala Belait,Brunei
KNX,Kuala Lumpur - Int'l Airport,Malaysia
KUO,Kuala Lumpur - Sultan Abdul Aziz Shah,Malaysia
KUH,Kuantan,Malaysia
YVP,Kuching,Malaysia
YGW,Kumamoto,Japan
KAO,Kununurra,Australia
KWI,Kuopio,Finland
UKY,Kushiro,Japan
LEK,Kuujjuaq (FortChimo),Canada
WLB,Kuujjuarapik,Canada
LBU,Kuusamo,Finland
XLB,Kuwait - Kuwait Int'l,Kuwait
LCG,Kyoto,Japan
LSE,Labe,Guinea
LAE,"Labouchere Bay, AK",USA
LRH,Labuan,Malaysia
LAF,"Lac Brochet, MB",Canada
LFT,La Coruna,Spain
LOS,"La Crosse, WI",USA
YGL,Lae,Papua New Guinea
LHE,La Rochelle,France
LCH,"Lafayette, IN",USA
HII,"Lafayette, La",USA
TVL,Lagos - Murtala Muhammed,Nigeria
LKL,La Grande,Canada
LBQ,Lahore,Pakistan
SUF,"Lake Charles, La",USA
LMP,"Lake Havasu City, AZ",USA
LNY,"Lake Tahoe, CA",USA
LNS,Lakselv,Norway
LGK,Lambarene,Gabon
LAI,Lamezia Terme,Italy
HLA,Lampedusa,Italy
LAN,"Lanai City, HI",USA
LPB,"Lancaster, PA",USA
LAP,Langkawi,Malaysia
LPP,Lannion,France
LAR,Lanseria,South Africa
LRD,"Lansing, MI",USA
LCA,La Paz - El Alto,Bolivia
LPA,La Paz - Leon,Mexico
LAS,Lappeenranta,Finland
LBE,"Laramie, WY",USA
LST,"Laredo, TX",USA
PIB,Larnaca,Cyprus
LVO,Las Palmas,Spain
LAW,"Las Vegas, NV",USA
LZC,"Latrobe, PA",USA
YLR,Launceston,Australia
LEA,"Laurel/Hattisburg, MS",USA
LEB,Laverton,Australia
LBA,"Lawton, OK",USA
LER,Lazaro Cardenas,Mexico
LEJ,Leaf Rapids,Canada
LEY,Learmouth (Exmouth),Australia
BJX,"Lebanon, NH",USA
LNO,Leeds/Bradford,United Kingdom
LWS,Leinster,Australia
LWT,Leipzig,Germany
LEX,Lelystad,Netherlands
LBV,Leon,Mexico
LDK,Leonora,Australia
LGG,"Lewiston, ID",USA
LIF,"Lewistown, MT",USA
LIH,"Lexington, KY",USA
LIL,Libreville,Gabon
LLW,Lidkoeping,Sweden
LIM,Liege,Belgium
QLI,Lifou,"Loyaute, Pazifik"
LIG,"Lihue, HI",USA
LNK,Lille,France
LDC,Lilongwe - Lilongwe International,Malawi
LNZ,Lima - J Chavez Int'l,Peru
LIQ,Limassol,Cyprus
LIS,Limoges,France
LSY,"Lincoln, NE",USA
LIT,Lindeman Island,Australia
LPL,Linz - Hoersching,Austria
LZR,Lisala,"Congo, Democratic Republic of The"
LJU,Lisbon - Lisboa,Portugal
IRG,Lismore,Australia
LFW,"Little Rock, AR",USA
YXU,Liverpool,United Kingdom
LON,Lizard Island,Australia
LCY,Ljubljana - Brnik,Slovenia
LGW,Lockhart River,Australia
LHR,Lome,Togo
LTN,London,Canada
STN,London,United Kingdom
LGB,London - City Airport,United Kingdom
LIJ,London - Gatwick,United Kingdom
ISP,London - Heathrow,United Kingdom
LRE,London - Luton,United Kingdom
GGG,London - Stansted,United Kingdom
LYR,"Long Beach, CA",USA
LTO,"Long Island, AK",USA
LRT,"Long Island, Islip, NY - Mac Arthur",USA
LAX,Longreach,Australia
SJD,"Longview/Kilgore, TX",USA
LMM,Longyearbyen - Svalbard,Svalbard/Norway
TFN,Loreto,Mexico
LSZ,Lorient,France
LDE,"Los Angeles, CA - Int'l",USA
SDF,Los Cabos,Mexico
LAD,Los Mochis,Mexico
LBB,Los Rodeos,Teneriffa/Spain
LKO,(Mali) Losinj - Losinj Arpt,Croatia (Hrvatska)
LUD,Lourdes/Tarbes,France
MLA,"Louisville, KY",USA
LUG,Luanda - 4 de Fevereiro,Angola
LLA,"Lubbock, TX",USA
FBM,Lucknow,India
LUN,Luederitz,Namibia
LUJ,Luga,Malta
LUX,Lugano,Switzerland
LXR,Lulea,Sweden
LWO,Lumbumbashi,Zaire
LYH,Lusaka,Zambia
LYS,Lusisiki,South Africa
MST,Luxembourg,Luxembourg
MCP,Luxor,Egypt
MFM,"Lvov (Lwow, Lemberg)",Ukraine
MCZ,"Lynchburg, VA",USA
MKY,Lyon,France
MCN,Maastricht/Aachen,Netherlands
NOP,Macapa,Brazil
MED,Macau,"Macau, China SAR"
MSN,Maceio,Brazil
MAD,Mackay,Australia
SEZ,"Macon, GA",USA
MAH,Mactan Island - Nab,Philippines
MTL,"Madinah, Mohammad Bin Abdulaziz",Saudi Arabia
MJN,"Madison, WI",USA
MZG,Madras (Chennai),India
SSG,Madrid - Barajas,Spain
AGP,Mahe - Seychelles Int'l,Seychelles
MLE,Mahon,Spain
MYD,Maitland,Australia
MMA,Majunga,Madagascar
MMX,Makung,Taiwan
MJC,Malabo,Equatorial Guinea
MGA,Malaga,Spain
MAO,Male - International,Maledives
MAN,Malindi,Kenya
MHT,Malmo (Malmoe),Sweden
MFO,Malmo (Malmoe) - Sturup,Sweden
XMH,Man,Ivory Coast
MNL,Managua - Augusto C Sandino,Nicaragua
ZLO,Manaus,Brazil
MTS,Manchester,United Kingdom
MPM,"Manchester, NH",USA
MDQ,Manguna,Papua New Guinea
MAR,Manihi,French Polynesia
MFQ,Manila - Ninoy Aquino Int'l,Philippines
MTH,Manzanillo,Mexico
MEE,Manzini - Matsapha Int'l,Swaziland
MGH,Maputo - Maputo International,Mozambique
PMV,Mar del Plata,Argentina
MBX,Maracaibo - La Chinita,Venezuela
MHQ,Maradi,Niger
MVR,"Marathon, FL",USA
MQT,Mare,New Caledonia
RAK,Margate,South Africa
MUH,Margerita,Venezuela
MRS,Maribor,Slovenia
MHH,Mariehamn (Maarianhamina),Finland
MVY,Maroua,Cameroon
MBH,"Marquette, MI",USA
MSU,Marrakech - Menara,Morocco
MCW,Marsa Matrah (Marsa Matruh),Egypt
MVZ,Marseille,France
MMJ,Marsh Harbour,Bahamas
MYJ,"Martha's Vineyard, MA",USA
MTO,Maryborough,Australia
MUB,Maseru - Moshoeshoe Int'l,Lesotho
MAU,"Mason City, IA",USA
MRU,Masvingo,Zimbabwe
MAZ,"Matsumoto, Nagano",Japan
MZT,Matsuyama,Japan
MFE,"Mattoon, IL",USA
MES,Maun,Botswana
MDE,Maupiti,French Polynesia
MFR,Mauritius - S.Seewoosagur Ram Int'l,Mauritius
MKR,Mayaguez,Puerto Rico
MEL,Mazatlan,Mexico
MLB,"McAllen, TX",USA
MEM,Medan,Indonesia
MDZ,Medellin,Colombia
MDC,"Medford, OR",USA
MCE,Medina,Saudi Arabia
MID,Meekatharra,Australia
MEI,Melbourne - Tullamarine,Australia
MIM,"Melbourne, FL",USA
MEZ,"Memphis, TN",USA
MTM,Mendoza,Argentina
MZM,Manado,Indonesia
MXL,"Merced, CA",USA
MEX,Merida,Mexico
MFU,"Meridian, MS",USA
MIA,Merimbula,Australia
MWD,Messina,South Africa
MMM,"Metlakatla, AK",USA
MAF,Metz,France
MIK,Mexicali,Mexico
MIL,Mexico City,Mexico
LIN,Mexico City - Juarez International,Mexico
MXP,Mfuwe,Zambia
MQL,"Miami, FL",USA
MLS,Mianwali,Pakistan
MFN,Middlemount,Australia
MKE,"Midland/Odessa, TX",USA
MTT,Mikkeli,Finland
MRV,Milan,Italy
MSP,Milan - Linate,Italy
MOT,Milan - Malpensa,Italy
MSQ,Milan - Orio Al Serio,Italy
MYY,Mildura,Australia
QML,"Miles City, MT",USA
MSO,Milford Sound,New Zealand
MHE,"Milwaukee, WI",USA
MMY,Minatitlan,Mexico
MBM,Mineralnye Vody,Russia
MFF,"Minneapolis - St. Paul Int'l Airport, MN",USA
MOB,"Minot, ND",USA
MOD,"Minsk, International",Belarus
MJD,Miri,Malaysia
MGQ,Mirpur,Pakistan
OKU,"Missula, MT",USA
MLI,"Mitchell, SD",USA
MBA,Miyako Jima (Ryuku Islands) - Hirara,Japan
MIR,Mkambati,South Africa
YQM,Moanda,Gabon
MLU,"Mobile, AL - Pascagoula, MS",USA
MLW,"Modesto, CA",USA
ROB,Moenjodaro,Pakistan
MBJ,Mogadischu,Somalia
QGF,Mokuti,Namibia
MRY,"Moline/Quad Cities, IL",USA
MTY,Mombasa - Moi International,Kenya
NTR,Monastir,Tunisia
MVD,Moncton,Canada
MGM,"Monroe, La",USA
MPL,Monrovia,Liberia
YMQ,Monrovia - Roberts Int'l,Liberia
YUL,Montenego Bay,Jamaica
YMX,Montenegro,Brazil
MTJ,"Monterey, CA",USA
MOZ,Monterrey,Mexico
MOV,Monterrey - Aeropuerto Del Norte,Mexico
MRZ,Montevideo - Carrasco,Uruguay
MLM,"Montgomery, AL",USA
MGW,Montpellier - Frejorgues,France
HNA,Montreal,Canada
HAH,Montreal - Dorval (Montréal-Trudeau),Canada
YVA,Montreal - Mirabel,Canada
MOW,"Montrose/Tellruide, CO",USA
DME,Moorea,French Polynesia
SVO,Moranbah,Australia
VKO,Moree,Australia
MWH,Morelia,Mexico
OMO,"Morgantown, WV",USA
OSM,"Morioka, Hanamaki",Japan
MJL,Moroni - Prince Said Ibrahim,Comoros (Comores)
MQQ,Moroni - Iconi,Comoros (Comores)
GTN,Moscow - Metropolitan Area,Russia
MGB,Moscow - Domodedovo,Russia
MMG,Moscow - Sheremetyevo,Russia
ISA,Moscow - Vnukovo,Russia
MCL,"Moses Lake, WA",USA
MUC,Mostar,Bosnia and Herzegovina
FMO,Mosul,Iraq
MSR,Mouila,Gabon
MLH,Moundou,Chad
MUX,Mount Cook,New Zealand
MJV,Mount Gambier,Australia
MMK,Mount Magnet,Australia
MCT,Mt. Isa,Australia
MSL,"Mt. McKinley, AK",USA
MKG,Muenchen (Munich) - Franz Josef Strauss,Germany
MFG,Muenster/Osnabrueck,Germany
MVB,Muenster/Osnabrueck,Germany
JMK,Mulhouse,France
MYR,Multan,Pakistan
KMI,Murcia,Spain
MJT,Murmansk,Russia
MZF,Muscat - Seeb,Oman
NAN,"Muscle Shoals, AL",USA
NGS,"Muskegon, MI",USA
NGO,Muzaffarabad,Pakistan
NAG,Mvengue,Gabon
NBO,Mykonos,Greece
ENC,"Myrtle Beach, SC",USA
YSR,Miyazaki,Japan
NNG,Mytilene (Lesbos),Greece
NTE,Mzamba,South Africa
ACK,Nadi,Fiji
NAP,Nagasaki,Japan
APF,Nagoya - Komaki AFB,Japan
NAA,Nagpur,India
NRA,Nairobi,Kenya
UAK,Nancy,France
BNA,Nanisivik,Canada
NAS,Nanning,"Guangxi, China"
NAT,Nantes,France
SUV,"Nantucket, MA",USA
WNS,Naples,Italy
NDJ,"Naples, FL",USA
NLA,Narrabri,Australia
NSN,Narrandera,Australia
NLP,Narsarsuaq,Greenland
MQP,"Nashville, TN",USA
NEV,Nassau,Bahamas
EWN,Natal,Brazil
HVN,Nausori,Fiji/Suva
MSY,Nawab Shah,Pakistan
JFK,N'Djamena,Chad
LGA,N'Dola,Zambia
EWR,Nelson,New Zealand
NYC,Nelspruit,South Africa
SWF,Nelspruit - Kruger Mpumalanga Int'l Airport,", ZA"
BEO,Nevis,Nevis
NTL,"New Bern, NC",USA
NCL,"New Haven, CT",USA
NCS,"New Orleans, La",USA
ZNE,New Valley - Kharga,Egypt
PHF,"New York - John F. Kennedy, NY",USA
NGE,"New York - La Guardia, NY",USA
IAG,"New York - Newark, NJ",USA
NIM,"New York, NY",USA
NCE,"Newburgh, NY",USA
NIC,Newcastle - Belmont,Australia
NLV,Newcastle - Williamtown,Australia
KIJ,Newcastle,United Kingdom
FNI,Newcastle,South Africa
INI,Newman,Australia
OME,"Newport News/Williamsburg, VA",USA
NSA,N'Gaoundere,Cameroon
NLK,Niagara Falls Int'l,USA
ORF,Niamey,Niger
YVQ,Nice - Cote D'Azur,France
NRK,Nicosia,Cyprus
OTH,Nikolaev,Ukraine
ELH,Niigata,Japan
NDB,Nimes,France
NKC,Nis,Yugoslavia
NOU,"Nome, AK",USA
QND,Noosa,Australia
OVB,Norfolk Island,Australia
NUE,"Norfolk/Virginia Beach, VA",USA
NLD,Norman Wells,Canada
TBU,Norrkoeping,Sweden
OAK,"North Bend, OR",USA
OAX,North Eleuthera,Bahamas
ODE,Nouadhibou,Mauritania
ODS,Nouakchott,Mauritania
ORB,Noumea,New Caledonia
OHD,Novi Sad,Yugoslavia
OIT,Novosibirsk - Tolmachevo,Russia
OKJ,Nürnberg (Nuremberg),Germany
OKA,Nuevo Laredo,Mexico
OKC,Nuku'alofa - Fua'Amotu International,Tonga
OLB,"Oakland, CA",USA
OLP,Oaxaca,Mexico
OMA,Odense,Denmark
OND,Odessa,Ukraine
ONT,Oerebro,Sweden
ORN,Ohrid,Macedonia
OAG,Oita,Japan
SNA,Okayama,Japan
OMD,"Okinawa, Ryukyo Island - Naha",Japan
KOI,"Oklahoma City, OK - Will Rogers World",USA
ORL,Olbia,Italy
ORS,Olympic Dam,Australia
OSA,"Omaha, NE",USA
ITM,Ondangwa,Namibia
KIX,"Ontario, CA",USA
OSH,Oran (Ouahran),Algeria
OSI,Orange,Australia
OSL,"Orange County (Santa Ana), CA",USA
FBU,Oranjemund,Namibia
TRF,Orkney,United Kingdom
YOW,"Orlando Metropolitan Area, FL",USA
ODA,"Orlando Int'l Airport, FL",MCO
OZZ,Orpheus Island,Australia
OUH,"Osaka, Metropolitan Area",Japan
OUA,Osaka - Itami,Japan
OUD,Osaka - Kansai Int'l Airport,Japan
OUL,"Oshkosh, WI",USA
OVD,Osijek,Croatia (Hrvatska)
OWB,Oslo,Norway
OXR,Oslo - Fornebu,Norway
UVE,Oslo - Sandefjord,Norway
PAD,Ottawa - Hull,Canada
PAH,Ouadda,Central African Republic
PGA,Ouarzazate,Morocco
PPG,Oudtshoorn,South Africa
PKB,Ouagadougou,Burkina Faso
PMO,Oujda,Morocco
PSP,Oulu,Finland
PMI,Oviedo,Spain
PMD,"Owensboro, KY",USA
PMR,"Oxnard, CA",USA
PTY,Oyem,Gabon/Loyautte
PFN,Paderborn/Lippstadt,Germany
PJG,"Paducah, KY",USA
PNL,"Page/Lake Powell, AZ",USA
PPT,Pago Pago,American Samoa
PFO,"Pakersburg, WV/Marietta, OH",USA
PBO,Palermo - Punta Raisi,Italy
PBM,"Palm Springs, CA",USA
PAR,Palma de Mallorca,Spain
CDG,"Palmdale/Lancaster, CA",USA
LBG,Palmerston North,New Zealand
ORY,Panama City - Tocumen International,Panama
PBH,"Panama City, FL",USA
PSC,Panjgur,Pakistan
PSI,Pantelleria,Italy
PAT,Papeete - Faaa,French Polynesia (Tahiti)
PYX,Paphos,Cyprus
PUF,Paraburdoo,Australia
PLN,Paramaribo - Zanderij Int'l,Suriname
PEN,Paris,France
PDT,Paris - Charles de Gaulle,France
PNS,Paris - Le Bourget,France
PIA,Paris - Orly,France
PEI,Paro,Bhutan
PGF,"Pasco, WA",USA
PER,Pasni,Pakistan
PEG,Patna,India
PSR,Pattaya,Thailand
PEW,Pau,France
PSG,"Pellston, MI",USA
PHW,Penang International,Malaysia
PHL,"Pendelton, OR",USA
PNH,"Pensacola, FL",USA
PHX,"Peoria/Bloomington, IL",USA
HKT,Pereira,Colombia
PIR,Perpignan,France
PZB,Perth Int'l,Australia
PTG,Perugia,Italy
NTY,Pescara,Italy
PSA,Peshawar,Pakistan
PIT,"Petersburg, AK",USA
PLB,Phalaborwa,South Africa
PBZ,"Philadelphia, PA - Int'l",USA
PIH,Phnom Penh - Pochentong,Cambodia
TGD,"Phoenix, AZ - Sky Harbor Int'l",USA
PNI,Phuket,Thailand
PTP,"Pierre, SD",USA
PNR,Pietermaritzburg,South Africa
PSE,Pietersburg,South Africa
PDL,Pilanesberg/Sun City,South Africa
POR,Pisa - Gal Galilei,Italy
CLM,"Pittsburgh Int'l Airport, PA",USA
PAP,"Plattsburgh, NY",USA
PUG,Plettenberg Bay,South Africa
PLZ,"Pocatello, ID",USA
POG,Podgorica,Yugoslavia
PHC,Pohnpei,Micronesia
PHE,Pointe a Pitre,Guadeloupe
PTJ,Pointe Noire,Congo
PWM,Ponce,Puerto Rico
PDX,Ponta Delgada,Portugal
PLO,Pori,Finland
PQQ,"Port Angeles, WA",USA
YPN,Port au Prince,Haiti
POM,Port Augusta,Australia
OPO,Port Elizabeth,South Africa
POA,Port Gentil,Gabon
POS,Port Harcourt,Nigeria
PSD,Port Hedland,Australia
PXO,Portland,Australia
PVH,"Portland, ME",USA
VLI,"Portland Int'l, OR",USA
POU,Port Lincoln,Australia
POZ,Port Macquarie,Australia
PRG,"Port Menier, PQ",Canada
RAI,Port Moresby - Jackson Field,Papua New Guinea
PQI,Porto,Portugal
PRY,Porto Alegre,Brazil
PVK,Port of Spain,Trinidad
YXS,Port Said,Egypt
YPR,Porto Santo,Portugal
PRN,Porto Velho,Brazil
PPP,Port Vila,Vanuatu
PVD,"Poughkeepsie, NY",USA
SCC,"Poznan, Lawica",Poland
PBC,Prague - Ruzyne,Czech Republic
PUB,Praia,Cape Verde
PXM,"Presque Island, ME",USA
PZO,Pretoria - Wonderboom Apt.,South Africa
POP,Preveza/Lefkas,Greece
PVR,Prince George,Canada
XPK,Prince Rupert/Digby Island,Canada
PUY,Pristina,Yugoslavia
PUW,Prosperpine,Australia
PNQ,"Providence, RI",USA
PUQ,"Prudhoe Bay, AK",USA
PUJ,Puebla,Mexico
PUS,"Pueblo, CO",USA
FNJ,Puerto Escondido,Mexico
YQB,Puerto Ordaz,Venezuela
UEE,Puerto Plata,Dominican Republic
ZQN,Puerto Vallarta,Mexico
UET,Pukatawagan,Canada
TAO,Pula,Croatia (Hrvatska)
UIP,"Pullman, WA",USA
UIN,Pune,India
UIO,Punta Arenas,Chile
RBA,Punta Cana,Dominican Republic
RYK,Pu San (Pusan) - Kimhae,South Korea
RFP,Pyongyang - Sunan,North Korea
YOP,Quebec - Quebec Int'l,Canada
RAJ,Queenstown,Australia
RDU,Queenstown,New Zealand
IXR,Quetta,Pakistan
RGI,Qingdao,"Shandong, China"
RGN,Quimper,France
RAP,"Quincy, IL",USA
RAR,Quito - Mariscal Sucr,Ecuador
RKT,Rabat - Sale,Morocco
RAZ,Rahim Yar Khan,Pakistan
RWP,Raiatea,French Polynesia
RDG,"Rainbow Lake, AB",Canada
REC,Rajkot,India
RDD,"Raleigh/Durham, NC",USA
RDM,Ranchi,India
REG,Rangiroa,French Polynesia
YQR,Rangoon (Yangon) - Mingaladon,Myanmar (Burma)
TFS,"Rapid City, SD",USA
RNS,Rarotonga Cook,Island
RNO,Ras al Khaymah (Ras al Khaimah),UAE
YRB,Rawala Kot,Pakistan
REU,Rawalpindi,Pakistan
REK,"Reading, PA",USA
KEF,Recife,Brazil
RHI,"Redding, CA",USA
RHO,"Redmond, OR",USA
RCB,Reggio Calabria,Italy
RIC,Regina,Canada
RIX,Reina Sofia,Teneriffa/Spain
RJK,Rennes,France
RMI,"Reno, NV",USA
RBR,Resolute Bay,Canada
GIG,Reus,Spain
SDU,Reykjavik - Metropolitan Area,Iceland
RIO,Reykjavik - Keflavik International,Iceland
RUH,"Rhinelander, WI",USA
RNE,Rhodos,Greece
ROA,Richards Bay,South Africa
RTB,"Richmond, VA",USA
RST,Riga,Latvia
ROC,Rijeka,Croatia (Hrvatska)
RSD,Rimini,Italy
RKS,Rio Branco,Brazil
RFD,Rio de Janeiro - Galeao,Brazil
ROK,Rio de Janeiro - Santos Dumont,Brazil
RKD,Rio de Janeiro,Brazil
RWI,Riyadh - King Khaled Int'l,Saudi Arabia
RDZ,Roanne,France
RRG,"Roanoke, VA",USA
RNN,Roatan,Honduras
ROM,"Rochester, MN",USA
CIA,"Rochester, NY",USA
FCO,Rock Sound,Bahamas
RNB,"Rock Springs, WY",USA
ROS,"Rockford, IL",USA
ROT,Rockhampton,Australia
RTM,"Rockland, ME",USA
RVN,"Rocky Mount - Wilson, NC",USA
NDU,Rodez,France
ROU,Rodrigues Island,Mauritius
SCN,Roenne,Denmark
SMF,Rome,Italy
SDS,Rome - Ciampino,Italy
MBS,Rome - Fuimicino,Italy
SDT,Ronneby,Sweden
SBK,Rosario,Argentina
RUN,Rotorua,New Zealand
YSJ,Rotterdam,Netherlands
SPN,Rovaniemi,Finland
SID,Rundu,Namibia
SLL,Ruse,Bulgaria
SLE,Saarbruecken,Germany
SNS,"Sacramento, CA",USA
SNC,Sado Shima,Japan
SAY,"Saginaw/Bay City/Midland, MI",USA
SBY,Saidu Sharif,Pakistan
SKG,Saigon (Ho Chi Minh City),Viet Nam
SLA,Saint Brieuc,France
SLC,Saint Denis de la Reunion,Reunion
SSA,Saint John,Canada
SZG,Saipan,Northern Mariana Islands
SKD,Sal,Cape Verde
SMI,Salalah,Oman
ADZ,"Salem, OR",USA
SJT,"Salinas, CA",USA
SAT,Salinas,Ecuador
BRC,Salisbury,Zimbabwe
SAN,"Salisbury, MD",USA
SFO,Saloniki,Greece
SJO,"Salta, Gen Belgrano",Argentina
SJC,"Salt Lake City, UT",USA
SJU,Salvador,Brazil
SBP,Salzburg - W.A. Mozart,Austria
SLP,Samarkand,Uzbekistan
SPY,Samos,Greece
SAP,San Andres,Colombia
ZSA,"San Angelo, TX",USA
SAL,"San Antonio, TX",USA
EAS,San Carlos de Bariloche,Argentina
SAH,"San Diego - Lindberg Field Int'l, CA",USA
YZP,"San Francisco - Int'l Airport, SA",USA
SBA,San Jose Cabo,Mexico
SPC,San Jose,Costa Rica
SRZ,"San Jose, CA",USA
SKV,San Juan Perto,Rico
SMA,"San Luis Obisco, CA",USA
SMX,San Luis Potosi,Mexico
SDR,San Pedro,Ivory Coast
STS,San Pedro Sula,Honduras
SRB,San Salvador,Bahamas
SRA,San Salvador,El Salvador
RSA,San Sebastian,Spain
SDH,Sanaa (Sana'a) - Sana'a International,Yemen
SSL,Sandspit,Canada
SRL,"Santa Barbara, CA",USA
SCU,Santa Cruz de la Palma,Spain
SCL,Santa Cruz de la Sierra,Bolivia
SCQ,Santa Katarina - Mount Sinai,Egypt
SON,Santa Maria,Portugal
SDQ,"Santa Maria, CA",USA
SLZ,Santander,Spain
SAO,"Santa Rosa, CA",USA
CGH,Santa Rosa,Bolivia
VCP,Santa Rosa,Brazil
TMS,Santa Rosa,Argentina
SPK,Santa Rosa Copan,Honduras
OKD,Santa Rosalia,Colombia
SJJ,Santa Rosalia,Mexico
SRQ,Santiago - Antonio Maceo Airport,Cuba
YXE,Santiago de Chile - Arturo Merino Benitez,Chile
ZSS,Santiago de Compostela,Spain
SAV,Santo,Vanuatu
SVL,Santo Domingo,Dominican Republic
NSO,Sao Luis,Brazil
SCF,Sao Paulo,Brazil
SEA,Sao Paulo - Congonhas,Brazil
SEB,Sao Paulo - Guarulhos,Brazil
SJY,Sao Paulo - Viracopos,Brazil
PKW,Sao Tome,Sao Tome & Principe
SDJ,Sapporo,"Hokkaido, Japan"
SEL,Sapporo - Okadama,"Hokkaido, Japan"
SVQ,Sapporo - Shin-Chitose Airport,Japan
SFA,Sarajevo,Bosnia and Herzegovina
ZTM,"Sarasota/Bradenton, FL",USA
SHA,Saskatoon,Canada
PVG,Sassandra,Ivory Coast
SNN,"Savannah, GA",USA
SHJ,Savonlinna,Finland
SSH,Scone,Australia
SZD,"Scottsdale, AZ",USA
SHD,"Seattle/Tacoma, WA",USA
SHE,Sehba,Libya
SZX,Seinaejoki,Finland
SHR,Selibi Phikwe,Botswana
SHV,Sendai,Japan
JHQ,Seoul - Incheon Int'l Airport,South Korea
SBW,Seoul - Kimpo,South Korea
SDY,Sevilla,Spain
SLS,Sfax,Tunisia
SIP,"Shamattawa, MB",Canada
MPD,Shanghai - Hongqiao,China
QPG,Shanghai - Pu Dong,China
SIN,Shannon (Limerick),Ireland
SIX,Sharjah,UAE
SUX,Sharm El Sheikh,Egypt
FSD,"Sheffield, City Airport",UK
SIS,"Sheffield, Doncaster, Robin Hood Int'l Airport",UK
SIT,"Shenandoah Valley/Stauton, VA",USA
SEW,Shenyang,"Liaoning, China"
SGY,Shenzhen,"Guangdong, China"
KDU,"Sheridan, WY",USA
JSI,"Shreveport, La",USA
SKP,Shute Harbour,Australia
SKS,Sibu,Malaysia
SZK,"Sidney, MT",USA
SXL,Silistra,Bulgaria
YYD,Simferopol,Ukraine
SOT,Sindhri,Pakistan
SGD,Singapore - Paya Lebar,Singapore
SFJ,Singapore - Changi,Singapore
SOF,Singleton,Australia
SOG,"Sioux City, IA",USA
SOU,"Sioux Falls, SD",USA
SBN,Sishen,South Africa
XSI,"Sitka, AK",USA
SOI,Siwa,Egypt
SEN,"Skagway, AK",USA
SPU,Skardu,Pakistan
GEG,Skiathos,Greece
SBU,Skopje,Macedonia
SPI,Skrydstrup,Denmark
SGF,Skukuza,South Africa
SXR,Sligo,Ireland
YIF,Smithers,Canada
STX,Sodankylae,Finland
EBU,Soenderborg,Denmark
SGU,Soendre Stroemfjord,Greenland
YYT,Sofia - Vrazhdebna,Bulgaria
SKB,Sogndal,Norway
STL,Southampton - Eastleigh,United Kingdom
UVF,"South Bend, IN",USA
SLU,"South Indian Lake, MB",Canada
SXM,South Molle Island,Australia
SFG,Southend,United Kingdom
LED,Split,Croatia (Hrvatska)
FSP,"Spokane, WA",USA
STT,Springbok,South Africa
SVD,"Springfield, IL",USA
SCE,"Springfield, MO",USA
SVG,Srinagar,India
HDN,"St. Augustin, PQ",Canada
SZZ,St. Croix,Virgin Islands
STO,St. Etienne,France
ARN,"St. George, UT",USA
BMA,St. John's,Canada
SCK,St. Kitts,St. Kitts And Nevis
SYY,"St. Louis - Lambert, MO",USA
SXB,St. Lucia Hewanorra,St. Lucia
KBY,St. Lucia Vigle,St. Lucia
STR,St. Marteen,Netherlands Antilles
SUL,St. Martin,St. Martin
SKZ,St. Petersburg (Leningrad) - Pulkovo,Russia
LSI,"St. Pierre, NF",Canada
SUN,St. Thomas,Virgin Islands
SDL,St. Vincent,St. Vincent
MCY,Stansted (London),United Kingdom
SUB,"State College/Belefonte, PA",USA
STV,Stavanger,Norway
SWP,"Steamboat Springs, CO",USA
SYD,Stettin,Poland
ZYL,Stockholm Metropolitan Area,Sweden
SYR,Stockholm - Arlanda,Sweden
TUU,Stockholm - Bromma,Sweden
TIF,"Stockton, CA",USA
TPE,Stornway,United Kingdom
TAY,Strassburg,France
TYN,Streaky Bay,Australia
TAK,Stuttgart - Echterdingen,Germany
TKA,Sui,Pakistan
TLH,Sukkur,Pakistan
QUF,Sumburgh (Shetland),United Kingdom
TLL,"Sun Valley, ID",USA
TPA,Sundsvall,Sweden
TMP,Sunshine Coast,Australia
TAM,Surabaya - Juanda,Indonesia
TMW,Surat,India
TNG,Suva/Nausori,Fiji
TRO,Swakopmund,Namibia
TGV,Sydney - Kingsford Smith,Australia
TAS,Sylhet,Bangladesh
TWU,"Syracuse, NY",USA
TBS,Tabuk,Saudi Arabia
TEU,Taif,Saudi Arabia
MME,Taipei - Chiang Kai Shek,Taiwan
TGU,Taipei - Sung Shan,Taiwan
THR,Taiyuan,"Shanxi, China"
TLV,Takamatsu,Japan
TEX,"Talkeetna, AK",USA
TEM,"Tallahassee, FL",USA
TCI,Tallinn - Pirita Harbour,Estonia
TCA,Tallinn - Ulemiste,Estonia
TER,"Tampa Int'l, FL",USA
THE,Tampere,Finland
TMZ,Tampico - Gen. F. Javier Mina,Mexico
YXT,Tamworth,Australia
HUF,Tanger - Boukhalef,Morocco
TXK,Taree,Australia
TCU,Targovishte,Bulgaria
YQD,Tashkent - Vostochny,Uzbekistan
TVF,Tawau,Malaysia
JTR,Tbilisi - Novo Alexeyevka,Georgia
TRV,Te Anau,New Zealand
TED,"Teesside, Durham Tees Valley",United Kingdom
YTH,Tegucigalpa,Honduras
KTB,Tehran (Teheran) - Mehrabad,Iran
YQT,Tel Aviv - Ben Gurion Int'l,Israel
TIS,"Telluride, CO",USA
TSN,Temora,Australia
TIJ,Tenerife,Spain
TOD,Tenerife - Sur Reina Sofia,Spain
TIA,Tenerife - Norte Los Rodeos,Spain
TRZ,Tennant Creek,Australia
TIV,Terceira,Portugal
TAB,Teresina,Brazil
TKS,Termez (Termes),Uzbekistan
TYO,Terrace,Canada
HND,"Terre Haute, IN",USA
NRT,"Texarkana, AR",USA
TOL,Thaba'Nchu,South Africa
TPR,The Pas,Canada
TWB,Thessaloniki - Makedonia Apt.,Greece
YTZ,"Thief River Falls, MN",USA
YYZ,Thira,Greece
YTO,Thiruvananthapuram,India
TOU,Thisted,Denmark
TLS,Thompson,Canada
TSV,"Thorne Bay, AK",USA
TOY,Thunder Bay,Canada
TPS,Thursday Island,Australia
TVC,Tianjin,China
TCB,Tijuana - Rodriguez,Mexico
TTN,Tioman,Indonesia
TSF,Tirana - Rinas,Albania
TRI,Tiruchirapally,India
TRS,Tivat,Yugoslavia
TIP,Tobago,Tobago
TOS,Tokushima,Japan
TRD,Tokyo,Japan
TSB,Tokyo - Haneda,Japan
TUS,Tokyo - Narita,Japan
TUP,"Toledo, OH",USA
TUL,Tom Price,Australia
TUN,Toowoomba,Australia
TUK,Toronto Island,Canada
TRN,Toronto - Lester B. Pearson,Canada
TKU,Toronto,Canada
TCL,Tortola,Virgin Islands
TGZ,Touho,New Caledonia
TWF,Toulouse - Blagnac,France
TYR,Townsville,Australia
UDI,Toyama,Japan
UPG,Trapani,Italy
ULN,"Traverse City, MI",USA
UUD,Treasure Cay,Bahamas
ULD,"Trenton/Princeton, NJ",USA
UTT,Treviso,Italy
UTN,"Tri-Cities Regional, TN/VA",USA
URC,Trieste,Italy
UTP,Tripoli - Tripoli Int'l,Libya
UCA,Tromsoe,Norway
VAA,Trondheim,Norway
VXO,Tsumeb,Namibia
EGE,"Tucson, AZ",USA
YVO,"Tulepo, MS",USA
VDZ,"Tulsa, OK",USA
VLD,Tunis - Carthage,Tunisia
VLC,Turbat,Pakistan
VLN,Turin,Italy
VLL,Turku,Finland
VAP,"Tuscaloosa, AL",USA
VDE,Tuxtla Gutierrez,Mexico
YVR,"Twin Falls, ID",USA
VRA,"Tyler, TX",USA
VNS,"Uberlandia, MG",Brazil
VRK,Ujung Pandang,Indonesia
VAR,Ulaanbaatar - Buyant Uhaa,Mongolia
VST,Ulan-Ude,Russia
VLU,Ulundi,South Africa
VCE,Umtata,South Africa
VER,Upington,South Africa
VEL,Urumqi,"Xinjiang, China"
VRB,Utapao (Pattaya),Thailand
VRN,"Utica, NY",USA
YYJ,Vaasa,Finland
VFA,Vaexjoe,Sweden
VID,"Vail, CO",USA
VTE,Val d'Or,Canada
VGO,"Valdez, AK",USA
VSA,"Valdosta, GA",USA
VIJ,Valencia,Spain
VIS,Valencia,Venezuela
VBY,Valladolid,Spain
VIT,Valparaiso,Chile
VIX,Valverde,Spain
VYD,Vancouver - Vancouver Int'l,Canada
YWK,Varadero,Cuba
ACT,Varanasi,India
WGA,Varkaus,Finland
ALW,Varna,Bulgaria
WLS,Vasteras,Sweden
WVB,Velikiye Luki (Welikije Luki),Russia
WMB,Venice - Marco Polo,Italy
WAW,Veracruz,Mexico
IAD,"Vernal, UT",USA
DCA,"Vero Beach/Ft. Pierce, FL",USA
WAS,Verona (Brescia) Montichiari,Italy
ALO,Verona,Italy
ATY,Victoria,Canada
CWA,Victoria Falls,Zimbabwe
WEI,Vidin,Bulgaria
WEL,Vientiane - Wattay,Laos
WLG,Vigo,Spain
EAT,Villahermosa,Mexico
PBI,Virgin Gorda,Virgin Islands
WYS,"Visalia, CA",USA
GWT,Visby,Sweden
WHK,Vitoria,Spain
YXN,Vitoria,Brazil
WRE,Vryheid,South Africa
HPN,Wabush,Canada
YXY,"Waco, TX",USA
HAP,Wagga,Australia
WYA,"Walla Walla, WA",USA
SPS,Wallis,Wallis and Futuna Islands
ICT,Walvis Bay,South Africa
WIC,Warrnambool,Australia
WHM,Warsaw,Poland
VIE,Washington DC - Baltimore Washington Int'l,USA
WIE,Washington DC - Dulles Int'l,USA
AVP,Washington DC - Ronald Reagan National,USA
IPT,"Washington, DC",USA
ISL,"Waterloo, IA",USA
ILM,"Watertown, SD",USA
VNO,"Wausau/Stevens Point, WI",USA
WUN,Weipa,Australia
ERS,Welkom,South Africa
WDH,Wellington,New Zealand
YQG,"Wenatchee, WA",USA
YWG,"West Palm Beach, FL",USA
OLF,"West Yellowstone, MT",USA
WOL,Westerland,Germany
UMR,Whakatane,New Zealand
ORH,"Whale Cove, NT",Canada
WRL,Whangarei,New Zealand
WRG,"White Plains, NY",USA
WUH,Whitehorse,Canada
WYN,Whitsunday Resort,Australia
XMN,Whyalla,Australia
XIY,"Wichita Falls, TX",USA
YKM,"Wichita, KS",USA
YAK,Wick,United Kingdom
YKS,Wickham,Australia
GAJ,Wien (Vienna) - Vienna Int'l,Austria
ASK,"Wiesbaden, Air Base",Germany
YNB,"Wilkes Barre/Scranton, PA",USA
YAO,"Williamsport, PA",USA
YZF,"Williston, ND",USA
YOK,"Wilmington, NC",USA
YUM,Wilna (Vilnius),Lithuania
ZCL,Wiluna,Australia
ZAD,Windhoek - Eros,Namibia
ZAG,Windhoek - Hosea Kutako Int'l,Namibia
ZTH,Windsor Ontario,Canada
ZAZ,Winnipeg Int'l,Canada
PZH,"Wolf Point, MT",USA
ZND,Wollongong,Australia
OUZ,Woomera,Australia
ZRH,"Worcester, MA",USA
,"Worland, WY",USA
,"Wrangell, AK",USA
,Wuhan,"Hubei, China"
,Wyndham,Australia
,Xiamen,"Fujian, China"
,Xi'an - Xianyang,"Shaanxi, China"
,"Yakima, WA",USA
,"Yakutat, AK",USA
,Yakutsk,Russian Federation
,"Yamagata, Junmachi",Japan
,Yamoussoukro,Côte d'Ivoire (Ivory Coast)
,Yanbu,Saudi Arabia
,Yangon (Rangoon) - Mingaladon,Myanmar (Burma)
,Yaounde,Cameroon
,Yellowknife,Canada
,Yokohama,Japan
,"Yuma, AZ",USA
,Zacatecas,Mexico
,Zadar,Croatia (Hrvatska)
,Zagreb - Pleso,Croatia (Hrvatska)
,Zakynthos,Greece
,Zaragoza,Spain
,Zhob,Pakistan
,Zinder,Niger
,Zouerate,Mauritania
,Zurich (Zürich) - Kloten,Switzerland
